{
  "rule_109": {
    "bin_means": [
      0.0,
      0.875,
      0.5,
      0.625,
      0.0,
      0.0,
      0.0,
      0.0
    ],
    "bin_range": 0.875,
    "left_mean": 0.5,
    "mean_fragility_vec": [
      0.0,
      0.0,
      0.0,
      0.0,
      0.0,
      0.0,
      0.0,
      0.0,
      1.0,
      1.0,
      1.0,
      1.0,
      1.0,
      1.0,
      0.0,
      1.0,
      1.0,
      1.0,
      0.0,
      0.0,
      0.0,
      0.0,
      1.0,
      1.0,
      1.0,
      1.0,
      1.0,
      1.0,
      0.0,
      0.0,
      1.0,
      0.0,
      0.0,
      0.0,
      0.0,
      0.0,
      0.0,
      0.0,
      0.0,
      0.0,
      0.0,
      0.0,
      0.0,
      0.0,
      0.0,
      0.0,
      0.0,
      0.0,
      0.0,
      0.0,
      0.0,
      0.0,
      0.0,
      0.0,
      0.0,
      0.0,
      0.0,
      0.0,
      0.0,
      0.0,
      0.0,
      0.0,
      0.0,
      0.0
    ],
    "n_seeds": 1,
    "pattern": "clustered",
    "right_mean": 0.0,
    "seeds": [
      20260554
    ],
    "top10_positions": [
      8,
      9,
      10,
      11,
      12,
      13,
      15,
      16,
      17,
      22
    ]
  },
  "rule_110": {
    "bin_means": [
      0.375,
      0.25,
      0.125,
      0.375,
      0.5416666666666666,
      0.25,
      0.125,
      0.5416666666666666
    ],
    "bin_range": 0.41666666666666663,
    "left_mean": 0.28125,
    "mean_fragility_vec": [
      0.6666666666666666,
      0.6666666666666666,
      0.0,
      0.0,
      0.6666666666666666,
      0.3333333333333333,
      0.6666666666666666,
      0.0,
      0.3333333333333333,
      0.3333333333333333,
      0.3333333333333333,
      0.3333333333333333,
      0.3333333333333333,
      0.0,
      0.3333333333333333,
      0.0,
      0.0,
      0.3333333333333333,
      0.0,
      0.0,
      0.3333333333333333,
      0.0,
      0.3333333333333333,
      0.0,
      0.3333333333333333,
      0.6666666666666666,
      0.3333333333333333,
      0.3333333333333333,
      0.3333333333333333,
      0.6666666666666666,
      0.0,
      0.3333333333333333,
      0.6666666666666666,
      0.3333333333333333,
      0.6666666666666666,
      0.6666666666666666,
      0.6666666666666666,
      0.0,
      1.0,
      0.3333333333333333,
      0.3333333333333333,
      0.6666666666666666,
      0.0,
      0.3333333333333333,
      0.0,
      0.0,
      0.6666666666666666,
      0.0,
      0.3333333333333333,
      0.0,
      0.0,
      0.3333333333333333,
      0.0,
      0.0,
      0.3333333333333333,
      0.0,
      1.0,
      0.0,
      0.6666666666666666,
      0.3333333333333333,
      0.0,
      1.0,
      0.3333333333333333,
      1.0
    ],
    "n_seeds": 3,
    "pattern": "clustered",
    "right_mean": 0.3645833333333333,
    "seeds": [
      20260547,
      20260549,
      20260613
    ],
    "top10_positions": [
      38,
      56,
      61,
      63,
      0,
      1,
      4,
      6,
      25,
      29
    ]
  },
  "rule_124": {
    "bin_means": [
      0.125,
      0.08333333333333333,
      0.20833333333333331,
      0.25,
      0.25,
      0.375,
      0.29166666666666663,
      0.20833333333333331
    ],
    "bin_range": 0.2916666666666667,
    "left_mean": 0.16666666666666666,
    "mean_fragility_vec": [
      0.6666666666666666,
      0.0,
      0.3333333333333333,
      0.0,
      0.0,
      0.0,
      0.0,
      0.0,
      0.3333333333333333,
      0.0,
      0.0,
      0.0,
      0.0,
      0.0,
      0.0,
      0.3333333333333333,
      0.0,
      0.3333333333333333,
      0.3333333333333333,
      0.3333333333333333,
      0.0,
      0.3333333333333333,
      0.0,
      0.3333333333333333,
      0.3333333333333333,
      0.0,
      0.0,
      0.0,
      0.0,
      0.6666666666666666,
      0.3333333333333333,
      0.6666666666666666,
      0.6666666666666666,
      0.3333333333333333,
      0.3333333333333333,
      0.0,
      0.3333333333333333,
      0.0,
      0.0,
      0.3333333333333333,
      0.6666666666666666,
      0.6666666666666666,
      0.0,
      0.0,
      0.6666666666666666,
      0.6666666666666666,
      0.3333333333333333,
      0.0,
      0.0,
      0.3333333333333333,
      0.3333333333333333,
      0.6666666666666666,
      0.6666666666666666,
      0.0,
      0.0,
      0.3333333333333333,
      0.3333333333333333,
      0.0,
      0.3333333333333333,
      0.3333333333333333,
      0.6666666666666666,
      0.0,
      0.0,
      0.0
    ],
    "n_seeds": 3,
    "pattern": "dispersed",
    "right_mean": 0.28125,
    "seeds": [
      20260550,
      20260552,
      20260617
    ],
    "top10_positions": [
      0,
      29,
      31,
      32,
      40,
      41,
      44,
      45,
      51,
      52
    ]
  },
  "rule_137": {
    "bin_means": [
      0.625,
      0.5833333333333333,
      0.5416666666666666,
      0.5833333333333333,
      0.625,
      0.6666666666666666,
      0.625,
      0.7916666666666666
    ],
    "bin_range": 0.25,
    "left_mean": 0.5833333333333333,
    "mean_fragility_vec": [
      0.3333333333333333,
      0.3333333333333333,
      1.0,
      1.0,
      0.3333333333333333,
      1.0,
      0.6666666666666666,
      0.3333333333333333,
      0.6666666666666666,
      0.6666666666666666,
      0.6666666666666666,
      0.3333333333333333,
      0.3333333333333333,
      0.6666666666666666,
      0.6666666666666666,
      0.6666666666666666,
      0.6666666666666666,
      1.0,
      0.3333333333333333,
      0.6666666666666666,
      0.3333333333333333,
      0.3333333333333333,
      0.3333333333333333,
      0.6666666666666666,
      0.3333333333333333,
      0.6666666666666666,
      0.6666666666666666,
      0.3333333333333333,
      0.6666666666666666,
      0.6666666666666666,
      0.6666666666666666,
      0.6666666666666666,
      0.3333333333333333,
      0.6666666666666666,
      0.6666666666666666,
      0.3333333333333333,
      0.6666666666666666,
      0.6666666666666666,
      1.0,
      0.6666666666666666,
      1.0,
      0.6666666666666666,
      0.0,
      0.6666666666666666,
      0.6666666666666666,
      0.6666666666666666,
      0.6666666666666666,
      1.0,
      1.0,
      0.3333333333333333,
      0.6666666666666666,
      0.6666666666666666,
      0.3333333333333333,
      0.6666666666666666,
      0.6666666666666666,
      0.6666666666666666,
      1.0,
      0.6666666666666666,
      0.6666666666666666,
      1.0,
      0.6666666666666666,
      0.6666666666666666,
      1.0,
      0.6666666666666666
    ],
    "n_seeds": 3,
    "pattern": "dispersed",
    "right_mean": 0.6770833333333333,
    "seeds": [
      20260633,
      20260635,
      20260673
    ],
    "top10_positions": [
      2,
      3,
      5,
      17,
      38,
      40,
      47,
      48,
      56,
      59
    ]
  },
  "rule_18": {
    "bin_means": [
      0.375,
      0.625,
      0.3333333333333333,
      0.20833333333333331,
      0.20833333333333331,
      0.29166666666666663,
      0.375,
      0.375
    ],
    "bin_range": 0.4166666666666667,
    "left_mean": 0.38541666666666663,