{
  "rule_109": {
    "bin_means": [
      0.0,
      0.875,
      0.5,
      0.625,
      0.0,
      0.0,
      0.0,
      0.0
    ],
    "bin_range": 0.875,
    "left_mean": 0.5,
    "mean_fragility_vec": [
      0.0,
      0.0,
      0.0,
      0.0,
      0.0,
      0.0,
      0.0,
      0.0,
      1.0,
      1.0,
      1.0,
      1.0,
      1.0,
      1.0,
      0.0,
      1.0,
      1.0,
      1.0,
      0.0,
      0.0,
      0.0,
      0.0,
      1.0,
      1.0,
      1.0,
      1.0,
      1.0,
      1.0,
      0.0,
      0.0,
      1.0,
      0.0,
      0.0,
      0.0,
      0.0,
      0.0,
      0.0,
      0.0,
      0.0,
      0.0,
      0.0,
      0.0,
      0.0,
      0.0,
      0.0,
      0.0,
      0.0,
      0.0,
      0.0,
      0.0,
      0.0,
      0.0,
      0.0,
      0.0,
      0.0,
      0.0,
      0.0,
      0.0,
      0.0,
      0.0,
      0.0,
      0.0,
      0.0,
      0.0
    ],
    "n_seeds": 1,
    "pattern": "clustered",
    "right_mean": 0.0,
    "seeds": [
      20260554
    ],
    "top10_positions": [
      8,
      9,
      10,
      11,
      12,
      13,
      15,
      16,
      17,
      22
    ]
  },
  "rule_137": {
    "bin_means": [
      0.625,
      0.583333,
      0.541667,
      0.583333,
      0.625,
      0.666667,
      0.625,
      0.791667
    ],
    "bin_range": 0.25,
    "left_mean": 0.583333,
    "mean_fragility_vec": [
      0.333333,
      0.333333,
      1.0,
      1.0,
      0.333333,
      1.0,
      0.666667,
      0.333333,
      0.666667,
      0.666667,
      0.666667,
      0.333333,
      0.333333,
      0.666667,
      0.666667,
      0.666667,
      0.666667,
      1.0,
      0.333333,
      0.666667,
      0.333333,
      0.333333,
      0.333333,
      0.666667,
      0.333333,
      0.666667,
      0.666667,
      0.333333,
      0.666667,
      0.666667,
      0.666667,
      0.666667,
      0.333333,
      0.666667,
      0.666667,
      0.333333,
      0.666667,
      0.666667,
      1.0,
      0.666667,
      1.0,
      0.666667,
      0.0,
      0.666667,
      0.666667,
      0.666667,
      0.666667,
      1.0,
      1.0,
      0.333333,
      0.666667,
      0.666667,
      0.333333,
      0.666667,
      0.666667,
      0.666667,
      1.0,
      0.666667,
      0.666667,
      1.0,
      0.666667,
      0.666667,
      1.0,
      0.666667
    ],
    "n_seeds": 3,
    "pattern": "dispersed",
    "right_mean": 0.677083,
    "seeds": [
      20260633,
      20260635,
      20260673
    ],
    "top10_positions": [
      2,
      3,
      5,
      17,
      38,
      40,
      47,
      48,
      56,
      59
    ]
  },
  "rule_18": {
    "bin_means": [
      0.375,
      0.625,
      0.333333,
      0.208333,
      0.208333,
      0.291667,
      0.375,
      0.375
    ],
    "bin_range": 0.416667,
    "left_mean": 0.385417,
    "mean_fragility_vec": [
      1.0,
      0.333333,
      0.666667,
      0.0,
      0.0,
      0.333333,
      0.333333,
      0.333333,
      0.666667,
      1.0,
      0.666667,
      1.0,
      0.333333,
      0.333333,
      0.666667,
      0.333333,
      0.333333,
      0.333333,
      0.333333,
      0.666667,
      0.333333,
      0.0,
      0.0,
      0.666667,
      0.333333,
      0.333333,
      0.0,
      0.333333,
      0.0,
      0.333333,
      0.333333,
      0.0,
      0.666667,
      0.0,
      0.0,
      0.333333,
      0.0,
      0.333333,
      0.0,
      0.333333,
      0.333333,
      0.333333,
      0.333333,
      0.666667,
      0.0,
      0.333333,
      0.0,
      0.333333,
      0.333333,
      0.0,
      0.333333,
      0.333333,
      0.666667,
      0.666667,
      0.0,
      0.666667,
      0.333333,
      0.0,
      0.333333,
      0.333333,
      0.666667,
      0.333333,
      0.333333,
      0.666667
    ],
    "n_seeds": 3,
    "pattern": "clustered",
    "right_mean": 0.3125,
    "seeds": [
      20260564,
      20260566,
      20260643
    ],
    "top10_positions": [
      0,
      9,
      11,
      2,
      8,
      10,
      14,
      19,
      23,
      32
    ]
  },
  "rule_90": {
    "bin_means": [
      0.375,
      0.208333,
      0.083333,
      0.041667,
      0.208333,
      0.083333,
      0.083333,
      0.291667
    ],
    "bin_range": 0.333333,
    "left_mean": 0.177083,
    "mean_fragility_vec": [
      0.333333,
      0.333333,
      0.666667,
      0.333333,
      0.333333,
      0.0,
      0.666667,
      0.333333,
      0.333333,
      0.0,
      0.666667,
      0.0,
      0.333333,
      0.0,
      0.333333,
      0.0,
      0.0,
      0.333333,
      0.0,
      0.0,
      0.333333,
      0.0,
      0.0,
      0.0,
      0.0,
      0.0,
      0.0,
      0.0,
      0.333333,
      0.0,
      0.0,
      0.0,
      0.0,
      0.666667,
      0.0,
      0.333333,
      0.333333,
      0.0,
      0.0,
      0.333333,
      0.0,
      0.0,
      0.0,
      0.0,
      0.0,
      0.0,
      0.333333,
      0.333333,
      0.0,
      0.0,
      0.0,
      0.0,
      0.333333,
      0.0,
      0.0,
      0.333333,
      0.333333,
      0.0,
      0.333333,
      0.0,
      0.666667,
      0.0,
      0.666667,
      0.333333
    ],
    "n_seeds": 3,
    "pattern": "clustered",
    "right_mean": 0.166667,
    "seeds": [
      20260567,
      20260568,
      20260570
    ],
    "top10_positions": [
      2,
      6,
      10,
      33,
      60,
      62,
      0,
      1,
      3,
      4
    ]
  }
}