{
  "rule_109": {
    "bin_means": [
      0.0,
      0.875,
      0.5,
      0.625,
      0.0,
      0.0,
      0.0,
      0.0
    ],
    "bin_range": 0.875,
    "left_mean": 0.5,
    "mean_fragility_vec": [
      0.0,
      0.0,
      0.0,
      0.0,
      0.0,
      0.0,
      0.0,
      0.0,
      1.0,
      1.0,
      1.0,
      1.0,
      1.0,
      1.0,
      0.0,
      1.0,
      1.0,
      1.0,
      0.0,
      0.0,
      0.0,
      0.0,
      1.0,
      1.0,
      1.0,
      1.0,
      1.0,
      1.0,
      0.0,
      0.0,
      1.0,
      0.0,
      0.0,
      0.0,
      0.0,
      0.0,
      0.0,
      0.0,
      0.0,
      0.0,
      0.0,
      0.0,
      0.0,
      0.0,
      0.0,
      0.0,
      0.0,
      0.0,
      0.0,
      0.0,
      0.0,
      0.0,
      0.0,
      0.0,
      0.0,
      0.0,
      0.0,
      0.0,
      0.0,
      0.0,
      0.0,
      0.0,
      0.0,
      0.0
    ],
    "n_seeds": 1,
    "pattern": "clustered",
    "right_mean": 0.0,
    "seeds": [
      20260554
    ],
    "top10_positions": [
      8,
      9,
      10,
      11,
      12,
      13,
      15,
      16,
      17,
      22
    ]
  },
  "rule_137": {
    "bin_means": [
      0.625,
      0.5833333333333333,
      0.5416666666666666,
      0.5833333333333333,
      0.625,
      0.6666666666666666,
      0.625,
      0.7916666666666666
    ],
    "bin_range": 0.25,
    "left_mean": 0.5833333333333333,
    "mean_fragility_vec": [
      0.3333333333333333,
      0.3333333333333333,
      1.0,
      1.0,
      0.3333333333333333,
      1.0,
      0.6666666666666666,
      0.3333333333333333,
      0.6666666666666666,
      0.6666666666666666,
      0.6666666666666666,
      0.3333333333333333,
      0.3333333333333333,
      0.6666666666666666,
      0.6666666666666666,
      0.6666666666666666,
      0.6666666666666666,
      1.0,
      0.3333333333333333,
      0.6666666666666666,
      0.3333333333333333,
      0.3333333333333333,
      0.3333333333333333,
      0.6666666666666666,
      0.3333333333333333,
      0.6666666666666666,
      0.6666666666666666,
      0.3333333333333333,
      0.6666666666666666,
      0.6666666666666666,
      0.6666666666666666,
      0.6666666666666666,
      0.3333333333333333,
      0.6666666666666666,
      0.6666666666666666,
      0.3333333333333333,
      0.6666666666666666,
      0.6666666666666666,
      1.0,
      0.6666666666666666,
      1.0,
      0.6666666666666666,
      0.0,
      0.6666666666666666,
      0.6666666666666666,
      0.6666666666666666,
      0.6666666666666666,
      1.0,
      1.0,
      0.3333333333333333,
      0.6666666666666666,
      0.6666666666666666,
      0.3333333333333333,
      0.6666666666666666,
      0.6666666666666666,
      0.6666666666666666,
      1.0,
      0.6666666666666666,
      0.6666666666666666,
      1.0,
      0.6666666666666666,
      0.6666666666666666,
      1.0,
      0.6666666666666666
    ],
    "n_seeds": 3,
    "pattern": "dispersed",
    "right_mean": 0.6770833333333333,
    "seeds": [
      20260633,
      20260635,
      20260673
    ],
    "top10_positions": [
      2,
      3,
      5,
      17,
      38,
      40,
      47,
      48,
      56,
      59
    ]
  },
  "rule_18": {
    "bin_means": [
      0.375,
      0.625,
      0.3333333333333333,
      0.20833333333333331,
      0.20833333333333331,
      0.29166666666666663,
      0.375,
      0.375
    ],
    "bin_range": 0.4166666666666667,
    "left_mean": 0.38541666666666663,
    "mean_fragility_vec": [
      1.0,
      0.3333333333333333,
      0.6666666666666666,
      0.0,
      0.0,
      0.3333333333333333,
      0.3333333333333333,
      0.3333333333333333,
      0.6666666666666666,
      1.0,
      0.6666666666666666,
      1.0,
      0.3333333333333333,
      0.3333333333333333,
      0.6666666666666666,
      0.3333333333333333,
      0.3333333333333333,
      0.3333333333333333,
      0.3333333333333333,
      0.6666666666666666,
      0.3333333333333333,
      0.0,
      0.0,
      0.6666666666666666,
      0.3333333333333333,
      0.3333333333333333,
      0.0,
      0.3333333333333333,
      0.0,
      0.3333333333333333,
      0.3333333333333333,
      0.0,
      0.6666666666666666,
      0.0,
      0.0,
      0.3333333333333333,
      0.0,
      0.3333333333333333,
      0.0,
      0.3333333333333333,
      0.3333333333333333,
      0.3333333333333333,
      0.3333333333333333,
      0.6666666666666666,
      0.0,
      0.3333333333333333,
      0.0,
      0.3333333333333333,
      0.3333333333333333,
      0.0,
      0.3333333333333333,
      0.3333333333333333,
      0.6666666666666666,
      0.6666666666666666,
      0.0,
      0.6666666666666666,
      0.3333333333333333,
      0.0,
      0.3333333333333333,
      0.3333333333333333,
      0.6666666666666666,
      0.3333333333333333,
      0.3333333333333333,
      0.6666666666666666
    ],
    "n_seeds": 3,
    "pattern": "clustered",
    "right_mean": 0.3125,
    "seeds": [
      20260564,
      20260566,
      20260643
    ],
    "top10_positions": [
      0,
      9,
      11,
      2,
      8,
      10,
      14,
      19,
      23,
      32
    ]
  },
  "rule_208": {
    "bin_means": [
      0.0,
      0.0,
      0.0,
      0.0,
      0.0,
      0.0,
      0.0,
      0.0
    ],
    "bin_range": 0.0,
    "left_mean": 0.0,
    "mean_fragility_vec": [
      0.0,
      0.0,
      0.0,
      0.0,
      0.0,
      0.0,
      0.0,
      0.0,
      0.0,
      0.0,
      0.0,
      0.0,
      0.0,
      0.0,
      0.0,
      0.0,
      0.0,
      0.0,
      0.0,
      0.0,
      0.0,
      0.0,
      0.0,
      0.0,
      0.0,
      0.0,
      0.0,
      0.0,
      0.0,
      0.0,
      0.0,
      0.0,
      0.0,
      0.0,
      0.0,
      0.0,
      0.0,
      0.0,
      0.0,
      0.0,
      0.0,
      0.0,
      0.0,
      0.0,
      0.0,
      0.0,
      0.0,
      0.0,
      0.0,
      0.0,
      0.0,
      0.0,
      0.0,
      0.0,
      0.0,
      0.0,
      0.0,
      0.0,
      0.0,
      0.0,
      0.0,
      0.0,
      0.0,
      0.0
    ],
    "n_seeds": 3,
    "pattern": "dispersed",
    "right_mean": 0.0,
    "seeds": [
      20260523,
      20260524,
      20260525
    ],
    "top10_positions": [
      0,
      1,
      2,
      3,
      4,
      5,
      6,
      7,
      8,
      9
    ]
  },
  "rule_209": {
    "bin_means": [
      0.0,
      0.0,
      0.0,
      0.0,
      0.0,
      0.0,
      0.0,
      0.0
    ],
    "bin_range": 0.0,
    "left_mean": 0.0,
    "mean_fragility_vec": [
      0.0,
      0.0,
      0.0,
      0.0,
      0.0,
      0.0,
      0.0,
      0.0,
      0.0,
      0.0,
      0.0,
      0.0,
      0.0,
      0.0,
      0.0,
      0.0,
      0.0,
      0.0,
      0.0,
      0.0,
      0.0,
      0.0,
      0.0,
      0.0,
      0.0,
      0.0,
      0.0,
      0.0,
      0.0,
      0.0,
      0.0,
      0.0,
      0.0,
      0.0,
      0.0,
      0.0,
      0.0,
      0.0,
      0.0,
      0.0,
      0.0,
      0.0,
      0.0,
      0.0,
      0.0,
      0.0,
      0.0,
      0.0,
      0.0,
      0.0,
      0.0,
      0.0,
      0.0,
      0.0,
      0.0,
      0.0,
      0.0,
      0.0,
      0.0,
      0.0,
      0.0,
      0.0,
      0.0,
      0.0
    ],
    "n_seeds": 3,
    "pattern": "dispersed",
    "right_mean": 0.0,
    "seeds": [
      20260523,
      20260524,
      20260525
    ],
    "top10_positions": [
      0,
      1,
      2,
      3,
      4,
      5,
      6,
      7,
      8,
      9
    ]
  },
  "rule_46": {
    "bin_means": [
      0.08333333333333333,
      0.0,
      0.0,
      0.041666666666666664,
      0.0,
      0.041666666666666664,
      0.08333333333333333,
      0.0
    ],
    "bin_range": 0.08333333333333333,
    "left_mean": 0.03125,